0.0025131339886679954;2.1235061487562876;84.94024595025151
0.005460470789932672;15.155411966587135;613.4956077692742
0.008395729730517222;2.384482417326896;106.22559163327584
0.011345375503981923;4.854814080291563;219.68154618787483
0.014283824784185366;13.777842474201705;643.5383626206909
0.01678443560871651;7.974349699247457;406.39655329102385
0.019178657768995744;3.987702299217421;212.34319445158042
0.021693339195223316;8.633766123225998;469.61992021551475
0.024582547436517426;2.6341498560286576;150.27964041250175
0.027282764648090436;3.556720051135722;206.38740829394592
0.02959972975627243;2.1649640195325746;128.34200737897427
0.032283839868246754;10.946660846280324;656.2569922168303
0.03529705367457754;1.031150904485934;65.90469594967205
0.038319734366796206;1.2421941990670018;79.94829155219367
0.040827050083009804;7.759704209555582;503.63795697673584
0.043205354407758294;4.786980632765379;324.2965215291727
0.04607291942565343;6.552915448986409;455.3024415376449
0.048384096498041686;5.8866377201743365;426.3015783328117
0.05109060074693619;0.4525733707943207;33.77797158780129
0.0540456616282603;1.338468720392302;100.1723973956356
0.05695137744768943;0.14834216282270524;11.200883510578253
0.05992337565766219;7.603368744918116;574.6649630689777
0.062313588761094885;7.427644413761806;589.9264841674731
0.06495307980236041;0.5883570061757837;48.59576132431408
0.06730838651910033;7.901447567033718;654.9060098840687
0.07011176249391333;0.40378990217722316;34.32214168506397
0.07304408901468491;6.004153224212064;510.1900811091329
0.07590403266069527;1.2359883425109235;104.50392739844153
0.0789430296634633;4.588883256272523;387.60737724682406
0.08147045250751411;4.680554143870239;393.7954438405069
0.0837143274137013;1.940186331611952;162.69168886444695
0.08598965500313899;4.6918974338404755;392.9495808567503
0.08862322180842189;6.377742292691316;532.5318946880833
0.09105337947498258;4.3792652881462475;363.92978402784286
0.09407326410580556;6.897331701346505;571.4679591119321
0.09642983065364727;7.156699437819509;589.4739212303621
0.09889130285736981;4.793087945315774;392.91300835384726
0.10136165606283666;0.23624984869298263;19.302117558408916
0.10368775929289294;2.4926747930490243;203.62333386583873
0.10612029971198342;4.007983904390519;326.87150762777793
0.10889603438615511;1.1419774291843363;92.87796984048263
0.11175599602835894;3.527925676036792;286.67258624939876
0.1147224065635684;1.1822545463535494;95.7943827567321
0.11744152781989206;0.9151662462574432;74.0797045175467
0.11980782698848912;8.260053483243585;668.1549368638637
0.12267570842793113;3.110384422960486;250.2116587408903
0.12493432102736778;7.286960406304608;584.7171608265675
0.12723159788460653;5.460134039427027;436.09589046447627
0.12994126854585072;2.4109316095899915;191.8776403584078
0.1323833509537211;2.7909158595385852;221.70998642592215
0.1348462842832644;6.292336833986025;498.9014887122747
0.1374769167644;6.237987457335553;492.43035918703254
0.14037289636982458;1.4162015833437718;111.27833914488774
0.14302155739948144;6.372630923139304;500.1515909521628
0.14562471504586547;2.8969862297221516;226.2855512870937
0.1479689982486942;1.352495964960261;105.41966396273791
0.15055164817506245;5.606605316788954;436.6134184510432
0.15345910998389564;3.857201135397034;299.15210113249185
0.1560176080383126;0.03842638911249658;2.9708002313436954
0.1589441486814437;5.458199449780513;421.9696651688512
0.1611798059377014;3.8513291786984603;296.4021738113747
0.16398621354127826;6.254162337458723;480.15771713280026
0.16647746719764092;7.764305974888444;593.1466696068474
0.16939383398677774;3.8977496098395625;296.1403149650177
0.17225872326009672;7.483794986989293;566.7751855801991
0.17486513985884083;6.170992198392538;464.52563291615155
0.17736458710796535;8.515650789541032;638.1133685970029
0.17986280047116152;4.3701722436194235;325.50937226205394
0.18230799453566493;5.437253559529575;403.7431158850493
0.185014147910495;7.3720748390961415;545.3604666057826
0.1876323867113821;8.080177329238015;594.3799765974093
0.19012989563622149;1.7749142600076844;129.78408703732782
0.19318312669410423;4.147670264967418;302.9039627264467
0.19558048618229806;2.724673261171504;198.27189357885064
0.19799519156549125;8.324131865708475;604.6232021563669
0.2007811122918587;8.064768665876228;582.4633591651314
0.20322159721535837;3.7023984833198162;265.704519825524
0.2058567773163524;1.4062348535998415;100.66196903417354
0.20865672233326538;1.8756947105814639;134.12679855206855
0.2116246501985498;7.5675949757262;540.3404655304911
0.2145882191217328;9.620990821960497;682.604979877068
0.21715340689285167;0.007565433032357226;0.5324474322631167
0.21976460085795826;4.452644869049943;313.3708725092037
0.222370015385841;9.496922900503082;666.1882139242
0.2248259691606915;1.0937917434607694;76.19160884511578
0.2271155501056978;7.330146748693798;510.2182559244826
0.2295469507670821;8.362376651220474;579.3117901258473
0.23202487254217308;0.3473271077996462;23.92343759944614
0.2344945267994867;2.818903827335577;194.11528193290656
0.2375485048045726;6.083231436054948;418.08078228123605
0.23996328293441282;7.14335096409998;488.36685715000755
0.24253693959731812;2.657162869588916;180.7774480947296
0.2455802310633697;0.6974490364069647;47.35873137673157
0.248267891968383;2.6267854521766387;178.25926400812457
0.2511432814598016;1.766863956800177;119.66439911210422
0.2541335259658676;2.8320476481217227;191.5312507878732
0.2569778173952604;1.831676371462568;123.58030270346693
0.25990732171615033;8.262921176631309;556.6670094039154
0.26291589332886844;6.320456939056583;422.89746034930164
0.2658923559159615;3.7067648302215916;246.68690018356193
0.26832642301227944;2.718000419150352;180.3212842116269
0.2709197952241773;4.808130151200947;318.3922878341422
0.2735528481351034;10.38648407014428;685.3695245796321
0.2760467547116503;6.162068885908368;403.4779679946903
0.2783952141829594;6.799845774233058;443.30825234935486
0.2814101860359798;7.6541026908030805;496.75300581228515
0.2837068807932444;3.8556597116559757;248.60445696303339
0.2862279227218014;1.065410572855567;68.52375387912566
0.28907339815861444;6.634762598650113;426.40314287939555
0.29193439958520323;5.507247536108313;352.05528615551935
0.2945214189632131;5.145555388886779;327.47201648059985
0.2972946756479079;10.84682254532919;687.7186700345791
0.3001744229114656;7.983750624828309;501.89722920043135
0.3025520400103963;4.427714606199415;276.54258475137493
0.3052264234278996;7.1379704016988;444.4937765997981
0.308273908507871;5.090050321408829;315.25961661699546
0.31114682492917145;6.403181005797785;394.85512462808634
0.3135258183731762;3.57369123338668;219.22990609010168
0.316020618415473;3.157134727486261;193.21161184559514
0.31880128296052923;10.870949354801521;663.8068025139982
0.3212506523964863;8.471762735372518;512.8960452711905
0.32392280635641646;4.082534064853966;245.7175188791888
0.3265606193505912;3.491270295060643;209.4842702847849
0.32906831648570634;1.76729513367546;105.76634073594585
0.33176494439750004;5.213588261443684;311.62473137163136
0.3343442672080346;1.8399929291227441;109.54328760414529
0.3372378324057355;5.320447114140806;316.3268178480478
0.33988899061012284;7.225118687274325;427.7036626834897
0.34218606475506774;3.2875797647042555;193.56265478532907
0.3447475336659948;10.716460289714622;629.6085208688083
0.3473047785156893;2.4451856988395857;142.54617698139685
0.350147791817;10.583612343459334;615.9011739809205
0.3530464149001532;7.401470826151372;427.06469090963674
0.3560553315988633;2.810702253625607;161.1960933344752
0.3583500298058658;6.133586506376692;350.9271594194335
0.36105806258167444;11.42506155457092;651.0787833715434
0.36378985247947065;0.8061353121793422;45.538260010532824
0.3661755860925948;4.705674688405777;265.6565630460602
0.36892125695413663;4.0769902258198565;229.4356860318266
0.3713489072614394;3.3363982304102557;187.16550560175287
0.3739388076972486;8.868373721958744;496.36212268795924
0.37636961809929215;8.424872958125128;468.48469048477983
0.37864728629076094;7.0462356202979395;389.55910330902003
0.38157441053425006;9.252451189726422;509.21670474424
0.3839635160653212;8.656941763203124;472.8028699528762
0.3863551399481419;2.669600507827373;144.95093356730703
0.38858490460337364;7.539843405428343;408.65261370818644
0.39147367527185023;9.50955989042262;512.9654415374547
0.39452150162821553;0.04305852142840035;2.30466969984916
0.39731056466446385;8.828171623574319;472.50267458504845
0.40021573947009176;3.8591666288216233;205.11642674682892
0.40299605662227933;10.995461502854216;582.565628401922
0.40560210095009014;9.758890604683586;512.5908854987694
0.40799505202723096;9.184152611800663;478.9421201716526
0.41088721548645335;3.121431998882456;161.76977335442686
0.4134542373279645;5.556233979328511;287.22139210625613
0.4161492862238146;5.370164922631911;276.4860586086437
0.41882647236986403;2.121139869854233;108.76232046095761
0.42161625758922006;10.151158775692494;519.6711645920727
0.4239778895158968;4.0527097203643;205.81433133880165
0.4269484663766792;2.339048239990672;118.46643601764075
0.4297831839864527;5.838752127570755;295.137384929963
0.43202887231467374;3.202480075528977;161.1233424876889
0.43503894601148535;5.870549803379077;294.76028268638123
0.43782447538649866;6.636541904612225;331.5599481589916
0.4408798457525788;13.470800866305604;669.488726189986
0.4435829354744363;1.1213457308608157;55.08308800227238
0.4463628512464123;1.5075508412026077;73.9910626260964
0.4486891276259467;2.4638649869856595;120.78431666400564
0.45104691764798;11.197975911232026;548.063039536356
0.45392721453217477;7.945704515385262;385.9909902755105
0.4565197742417966;3.1676716614852363;152.88766533119323
0.4590296082559479;4.482976625366854;215.86967398514483
0.4618497064020744;10.046228745222898;482.22286091124715
0.4644583008231739;7.003304376767534;333.4750862552613
0.4669361272074357;3.361205091209243;159.22520453503338
0.4693303234551548;0.38806742454180027;18.340138353462887
0.47166820349437427;9.133358823302459;431.53111428045685
0.4746677136872692;3.8435375359541126;180.50500592631755
0.47707461856747657;8.066329184736624;377.58920707271267
0.4799770128119333;14.371289084509149;669.0439175858519
0.48284311512287187;7.403375352634401;340.60344849076915
0.4854057867403459;12.882142752149672;589.1154404003614
0.4878759195959771;8.718341573453623;394.98754246295505
0.490911851290629;8.665528356656974;390.2101590025875
0.4932148340804509;5.555851049070227;248.32449122149774
0.4957528723853589;6.817179532709801;303.60124726208494
0.4987492093037571;8.497879242733214;376.60386728116146
0.5010437243093725;3.1645493887974374;139.23738464113404
0.504079969788533;5.271863768137377;231.4823107911823
0.5068154865539988;9.497660618302906;415.1500811307639
0.5095887363801541;2.6967796626450564;117.01451226012571
0.5123478498608797;1.35993794664255;58.88386096472272
0.5153894621295593;10.314275080608187;446.1244551887328
0.5177815441190756;5.92262178779945;253.9050591987885
0.5200781442287065;2.3126396392242254;98.7475733316295
0.5226879548827063;14.839673262457183;632.6911069421492
0.5256140311310847;5.490418626544394;231.52758311333253
0.5284008643662252;9.496028854050294;398.62720120727477
0.5310387185568264;9.062838201268248;377.60290628225135
0.5338062981336473;7.947869623831588;328.9148932867852
0.5367683244284388;0.8058434740699802;33.142151442923094
0.5398120981822948;7.639564786496912;313.98300464977825
0.5424199852586306;10.100788300157536;412.4155767948117
0.5454562130640711;7.3294167847081555;297.03695154284924
0.547991116379699;11.333060326579885;456.40850756309203
0.5509056822180303;4.37279602438036;174.6756635455971
0.5538380920135693;10.184952918758494;405.3855295316413
0.5566693532713627;8.079263806156176;318.8651588350862
0.5596270748033617;1.9688943814192459;77.2052167656741
0.561993983496284;16.897447288664456;661.5023757217502
0.5645292640374807;16.411503445827442;635.231095315435
0.5673266881440399;11.225441461295208;429.3979780511344
0.5697538132238984;14.467351005586078;548.5066203336726
0.5727327837551835;3.477118839621775;130.52380001968098
0.5754680857521822;12.860242236189;481.33634138307906
0.5782581781497953;12.390188093632414;459.1419567986782
0.5811548019671837;6.883249078774632;252.58480539378778
0.5839170192491951;4.821737225230623;175.94141780035713
0.5866296915432242;10.422501655581435;378.8802782091564
0.588967170983363;1.8038256032595126;65.05002360256844
0.5918280299958404;7.579570274070177;273.0113525715965
0.5943931088381766;0.7317509473344013;26.196007442820523
0.596835921731991;14.092968319158498;504.24814211210077
0.5993581570399751;6.6255213925119225;234.76009156713772
0.6023362011869607;6.8934905604507675;243.1036920252498
0.6047866405111998;8.544069491999286;299.5678157574717
0.6077764418517667;17.733889573323772;618.1048762303122
0.6104778819717548;20.187857277175564;693.1139644424131
0.6129896358171867;1.4505803696775188;49.037009477216166
0.6154812342324132;6.653018352742937;224.67480239207032
0.6184791122651876;0.1213115281515803;4.077579432200817
0.6210802248549443;16.784313790881875;564.10428200479
0.6240128816833278;16.09318808371896;534.2160044803693
0.6264710170690996;7.454621074455687;244.16330081933748
0.6287829263234842;4.156246813410446;135.42713749519055
0.6315274411340346;17.317200342038056;562.7343565946338
0.633996284205684;4.001857346760437;128.29986569074111
0.6366422461504264;9.958998724064331;318.3965526682582
0.6394000494765596;1.5034682724385136;47.709740606838565
0.6416488609052786;15.350283802519806;486.5427544377366
0.6441736549998659;16.412962162834166;515.1603062579551
0.6464744563421388;17.593335032163548;545.7549161244661
0.6487851235538862;9.7397382729987;298.68256275698525
0.6514494726467339;8.60176171113104;262.1105218453297
0.654327590853349;2.8526833588857374;86.3642866387862
0.6573049567434313;10.413337296471115;314.5311600788022
0.6601454107642765;5.285778422489974;158.5733526746992
0.6630477473268497;3.4998123462471646;105.51983258313174
0.6657874764521468;11.829579196352135;357.87108907982395
0.6683455530596967;21.36798713543083;653.4127059247678
0.6712474578512871;2.681544774619194;83.49313585432992
0.6739888166863113;5.8115633161048255;181.4194037366348
0.6767552489567886;15.73349343790673;493.76028492454964
0.6791431538640059;17.52051823839757;557.8194463488264
0.6818226264380113;19.553036724066978;631.2125848709227
0.6841505647068263;2.6197184830202778;86.04687142368573
0.6865766606829287;5.467381076247599;179.94582044800725
0.6895669429069704;9.814591948957867;324.45214628475816
0.6918036278546397;13.300248727116761;443.9827889548276
0.6948565566441013;6.410351085361579;216.10932536592057
0.6973328552835019;11.519100127102963;390.87162284725053
0.6999776779064909;2.732319922141328;93.59593933016954
0.7027134980223445;3.1937598156526184;109.66614971859488
0.7052465683875679;11.408715854788037;392.88926202705835
0.707681316151982;11.54974745089382;401.577555901145
0.7099979156280851;15.910918385582601;558.3983453195791
0.7127844225082387;11.46147247368288;407.1858674285593
0.7157775658878912;10.37828103374819;372.6290360371296
0.7186303935713078;6.57980737737291;238.6922138221502
0.7211666317292472;1.9793681567894796;72.25378035104828
0.7236082174947142;13.655326783592443;499.300759337136
0.7263347974152109;13.69512868269309;506.3212756958243
0.7292905495611703;10.12702287897077;379.0653859003666
0.7320839914556699;11.847801313359838;447.9008291338387
0.734617399274967;4.06986531595437;155.55682255151456
0.73755730620115;17.904477679860143;686.6900260970962
0.7399726365656012;3.0689576296939687;119.7688710798121
0.7426237496133422;7.577863420075431;296.46374431143994
0.7456126306833183;16.23707118315354;639.4860991762533
0.7482413634511086;11.692212301537314;467.93919205102156
0.7504664786517791;12.473084713293279;504.30515850748986
0.7532101577829907;15.459474606616562;630.8318436972603
0.7561550807070508;0.7423892470426553;30.721885695962257
0.7589936676658984;9.096045179107586;376.69094964139384
0.7619013263258463;3.1562324212801665;131.83276963002106
0.7641506744186666;2.4637776512245946;103.22441385952918
0.7665153609487525;4.9162025176188004;206.35367611496457
0.7695286695823744;11.638971930516906;490.4296798953398
0.7722326992123735;6.240359127379046;266.02314578205034
0.7746205210982695;1.4413642746933988;61.7901897418629
0.7768460183963025;9.024488044242656;387.3167721045072
0.7794961450403993;6.184741589291326;267.2163653970937
0.7821792550457184;14.741655809184829;640.4040188517374
0.7851067677777662;3.0123283140741823;132.58629063801777
0.787458356525738;2.932242513820397;129.4407311763931
0.7900988782947533;13.62381892588148;602.7913396989819
0.7931160048132705;9.990406873170418;447.3300866902269
0.7958066506319639;9.235382023114035;417.67797104292623
0.7987307847654556;11.206411573052922;511.01746069999507
0.8015720141239736;7.034685147312693;324.2887779798748
0.804527081925122;5.316786562934597;246.72907070853418
0.806966595507311;1.7128123937856639;79.90048689293391
0.8097393135648455;10.1890787942448;475.96938415161793
0.8121613569279179;5.879389176245132;277.2343148307751
0.8145388197086727;4.380628807870328;207.54287293081714
0.8175227184039869;13.2379601153332;629.357657543428
0.8202489009667212;9.074568290468939;437.1026337277959
0.8232080477307776;14.299481117178027;694.4554168879886
0.8256531495690866;0.1952101201548693;9.614113365823906
0.8285775986121052;12.666173413810629;623.9092605070613
0.8316094626326248;1.0430505269386774;52.0128716341783
0.834550159693008;2.414961286105697;120.55166677766113
0.8371692928926933;0.27306436439185583;13.66327881526006
0.8397464935513134;5.229848537242168;261.7474968330828
0.8421018344138486;7.956122814068611;399.98317911189736
0.8446262345140293;3.6760842436608505;185.96451018132242
0.8469307688122419;0.6967264108748669;35.354786543548464
0.8493420292557928;0.09360896268850698;4.752649151016164
0.8515647293252849;5.602360706521973;284.4605622793051
0.8544621980552698;11.244175325182262;573.2941886870791
0.8567909041599527;1.9748355089876282;101.7821966184658
0.8591968185153838;6.153181039877693;317.61852267178665
0.8614772850265072;3.588945380458899;186.17047597652788
0.8638359119214659;13.308766488662917;692.2532054374411
0.8664234578683695;12.955996838391012;680.9553274250432
0.8690671172685913;3.068583245405825;163.08420935909217
0.8717634298620178;2.395113821018732;127.63593055926545
0.8743620376855681;11.34424030917665;605.8374179171973
0.8774024470065751;8.50285828679266;458.5559583269107
0.8802469312807408;11.916606748657836;648.1961681924972
0.8824702090247554;7.155685840319435;393.6267799611755
0.8855130547031864;4.637794582526196;256.47312933486853
0.888196492489472;7.990074052229419;443.93492304774804
0.8907754973893897;12.453772512466145;696.8868655368833
0.8932421364697438;12.186512849598207;689.232414843448
0.8958381262897113;10.389653479231168;593.495241518095
0.8981843555264334;9.538459740072378;549.7705818283708
0.9007942374348029;3.4216167844825187;198.68374682632597
0.9031847565837694;6.574300322256251;382.88763817483726
0.9057622291010574;7.875413303623057;461.06732408612214
0.908689352524001;8.788209071598775;517.988365905737
0.9110679063336045;0.2824711666693199;16.79197693804193
0.9136587631843857;9.538009192316197;567.1300961042755
0.9164858234510339;4.850537293036137;290.78869980710135
0.9193886969248487;0.8587232418756832;51.52339451254099
0.9217173608275115;1.1316659644760527;67.75326705324701
0.9246097628269688;5.983880172592389;357.4389335520794
0.9270465983114012;10.658231805712653;627.1050863707063
0.9297479287012334;4.138631815119959;238.0260852778169
0.9325705087297976;8.96245598268889;510.4654184630962
0.9354494853240423;7.384155408787956;411.35103611822245
0.9382679070775723;8.496309040574225;464.5857291683021
0.941144238578405;2.405181549720619;128.7880356507592
0.9437910978990405;12.188761153588587;648.747192575992
0.9464636817577199;10.80361757433932;558.9450444282194
0.949469342227359;3.289765791803652;165.94299268706396
0.9517438309707866;8.697007815839363;434.9367052931784
0.9542338377581392;1.3576294407792715;66.7309722284847
0.9567162914911418;9.911112099615567;485.7293449004768
0.9597470968305858;11.614681917607525;557.0811921321553
0.9626715957387557;2.8942078606811865;134.58138925132812
0.9654831878998116;12.78045297429274;589.9347779877855
0.967891440190097;13.663102840159402;611.036405047535
0.9703464392451082;4.234354522160995;183.96710875684843
0.9725895071534674;15.56769991790352;670.2657077929637
0.9752211656478269;2.1590901301671077;90.14612630748323
0.9781685170077544;5.004175518957007;207.90498986722332
0.9812238876161791;16.735391298231427;686.4060233933319
0.9842411978863939;13.261695787601639;519.827192752202
0.9870647458327246;8.005842924572317;302.92742146033584
0.9898616818318573;9.412952832758382;349.19236593804783
0.9927891153126329;11.890595604735676;431.0407447148919
0.9952578740501261;18.597059959298345;653.8161348677455
0.9977832546904443;19.050224822631726;643.09869333332
1.0008205519101887;19.770612012379477;639.5899101080523
1.0036876904838692;15.416412194188378;472.77401351323704
1.0063754190178165;1.4445162372166347;42.60189614259679
1.0088836630401494;3.349943100530711;98.46460692124967
1.0116293635188225;7.601961816417818;221.81669906389368
1.0144344090375872;23.261069563012523;666.4538142876047
1.0166704471425487;10.829555556772725;292.73223929339474
1.0190651986622294;18.761693302237628;496.5015322668689
1.0213008747573742;16.75284084439457;426.07689665186734
1.0235371505452424;12.389151201570249;304.86668904661417
1.026203668147092;0.6914561707848221;16.606487583825192
1.0291896912181593;6.294482826925894;150.9310691941439
1.0317280217922253;16.507544307855422;389.37531450424297
1.034320960809715;12.974950925163743;294.9353919970903
1.0373255538698258;25.97141556355454;573.1464053661075
1.0398508195814564;1.484466933795388;30.54423181733984
1.0424766062168276;30.172582514637174;618.8108329194912
1.044790232543941;28.652867429345584;547.2934875898412
1.0478273576488586;7.2440165610319465;130.4171177232419
1.0503766701862087;6.391000673692796;112.86600201472322
1.053413638082688;27.373678822430612;476.59707011391737
1.0561639460323493;30.294822802232858;489.45396988168864
1.0590011314457715;31.84792706894479;477.3906916045139
1.0619608019534559;44.98631346717721;621.5237632366795
1.0648463757082618;41.62386298777888;508.71033123974854
1.067656251820258;20.880463292983162;228.62864298020793
1.0705732137365718;35.82360131935773;372.3018742495433
1.0729652689269655;8.778413816601145;82.96874475728785
1.075558736815126;23.76060469380156;220.48526999036002
1.0785741157291748;13.493618083209464;118.52616430315878
1.0810948903084452;19.528764543603103;165.48910439197928
1.0838018035386416;62.796237959893574;509.43958107571706
1.08650498176917;47.20751045328027;377.66008362624217
1.088965901776417;3.4855144833038816;28.302739489649188
1.0912840774925232;5.866896740123094;47.68788524219766
1.0943270185651572;47.88499791685733;389.84631489501913
1.0972155837327848;17.791460671622012;147.32870292890124
1.0998429174406088;75.98503893104817;633.0262648959055
1.102659106073609;26.482017236547478;225.80157240243335
1.1049155039877596;22.54879569844594;193.95147973161485
1.1074005003208576;46.66677879659759;403.8028763368274
1.1101630171541241;21.012475816356034;184.2993909820774
1.1126041869972145;5.508916635968779;48.648407875348965
1.1155723831262647;6.029677212359415;53.33141013895237
1.1179844427307473;17.476866142161473;154.90521374299306
1.1203873361641257;50.789566673757164;452.40304266471264
1.1229360541247488;46.68462115821545;421.80920468066046
1.1258958085852397;71.04856628836735;650.9307355698352
1.1285044876847716;72.35823630776395;679.3302245464952
1.1312552352500875;66.10692803913251;634.4228077106402
1.1340847724126384;15.078995734212388;147.8077668784741
1.1366673919902035;29.257900161604926;288.23221637413775
1.1388904583257826;45.77853625841102;454.9932320808824
1.1417135602409898;68.17976723679845;681.7976723679845
1.1440355967554994;60.46304437240531;499.88995624268404
1.1470130334300923;54.54633873783432;393.98862243832195
1.1499324276471643;65.90981207798532;406.48157024700276
1.1522368047056677;82.22040239449294;419.26050825110764
1.154593266673444;9.312194927661247;39.387849402090524
1.1574290241110643;103.99450053513158;431.17907708647834
1.1603772981068547;68.9374546686607;209.96449908817243
1.1632917311879225;165.41260062866704;411.6449673746419
1.1662124625730237;488.4063411275811;688.093441931496
1.1688901297988465;18.013559292732285;18.013559292732285
1.1717643253354832;41.636763155801376;45.45257276511834
1.174391858142358;285.05341975696354;381.93179138478877
1.1769501831859024;44.19765183436941;143.49135396140062
1.1795435016274485;68.1371487773173;268.73758197697316
1.1823489776003058;118.78159602518399;625.7676438301398
1.1850666942706591;4.900243451378442;42.16078864345888
1.1877477922189978;30.06874540650598;265.2520136360664
1.1904075452004186;45.35788791205103;461.4138080587462
1.1926419869579623;9.114869288731182;113.97692478050317
1.1954795879095053;2.929995928249799;38.055920150562585
1.1984749808110644;6.223508220519064;82.11024766804499
1.2014505682942636;2.7419667389400066;37.457658407544635
1.203688306987943;38.69953974453028;536.8649326709606
1.2066138683919139;0.660480636099299;10.670219485818844
1.2092260939028567;6.4310896670389495;104.27719612194944
1.211832611548727;34.99370566428475;585.5180798170711
1.2141301749752256;5.42385608901901;106.48009679081524
1.216685555401194;34.73054240295264;694.6108480590528
1.2192372435182781;2.459594569852531;62.62502363374695
1.222073099687567;22.38536655727357;580.9722048331906
1.2245455276390746;11.365581431669892;352.5899950964856
1.2268093107748241;11.940965240497473;402.46936868441037
1.2297353350943971;0.558985649604817;20.40762840472482
1.2323621332144397;1.6704249129265178;61.291323680470654
1.235126955305491;14.11390194472403;524.8598810540689
1.2377427444050353;16.461036879018003;685.6433223022146
1.240259691266945;12.963377581844075;611.4949058187817
1.2425295000058132;3.8703527864877842;200.8970408087606
1.2450233537863915;1.3765462413690916;73.38329278813937
1.247526253858731;10.184343715426952;548.6592923620898
1.2497798433173168;11.003248576044767;639.2686024169905
1.2521000031681166;4.878516104552733;292.710966273164
1.254743977622195;10.815222530299675;649.535810248124
1.2576973786840893;8.190821859678644;493.11280663924003
1.2605622915771326;2.06345660769614;124.48114166065606
1.2629179431180222;8.185685695229314;494.0612670421084
1.2653893634429592;2.430084759057528;146.9116629474545
1.2683244916031935;0.304690296741048;18.429538511994615
1.2708592421950264;9.74295621245994;589.3584308927879
1.2738482809646468;8.063253339958447;488.77280123861334
1.276157752843673;5.837154119292398;354.55533374297715
1.2789933569564818;0.5234120606977071;31.82896076539894
1.2818717783843963;0.03818526052634234;2.3223577015768715
1.284609033396409;1.0456106431598808;63.59271915918829
1.2869232858446271;2.462652526778805;149.81174559690342
1.2896644518179106;3.8287128321595234;233.02645375560118
1.2923478591943023;4.272497849687927;260.26776509997165
1.294876963077085;4.36196283009407;265.9758742917798
1.2972254048805587;8.96132152907099;546.9381007392795
1.2997766308287673;1.2645445704864107;77.31684573684258
1.302003781884508;0.7133659547602254;43.628580824563215
1.3045177258351164;10.032125997977586;613.6350467309294
1.3075434748939099;3.8633102587181782;236.8121573917794
1.3101398809338778;1.2706346154841297;77.96417734411052
1.312635078430693;6.188687190119088;379.83445244777903
1.315360963094364;1.27714984489393;78.4884301670644
1.3176055889292122;6.249747383539102;384.1973479681109
1.3202147133333284;2.438114029863534;150.05895373221787
1.3228766963649141;9.554185747760846;588.3498465885351
1.3252435766790764;2.251805810557347;138.96580485851652
1.3280838768178322;4.392550224225988;271.200110938168
1.330986718525983;6.3202197190133225;390.6287836085326
1.3335885491503645;1.1296236857153346;69.9263033363633
1.3363854295913506;10.392311940408508;643.4682349312094
1.3389014577641174;6.125665401070146;380.2214895524998
1.3412062009151893;2.0241390690289043;125.80288794164463
1.3440245423141306;7.617640279509706;473.6334734299002
1.3469790095748058;8.38195241941436;522.1034501703319
1.3500249312906918;0.25747338146246324;16.071417773901718
1.352685466113671;0.6309509477288798;39.38640240982107
1.3555001239079145;4.00766242970427;250.20940392492543
1.3584129909693061;2.6386253125455705;164.89412574929514
1.3610863021281656;2.69844087600061;168.7419851170304
1.3638830011631908;7.661508501518895;479.39108546771826
1.3664382676845357;4.823381575260745;302.3536258394027
1.3689999144292915;9.95518026932358;624.6921819188526
1.3717396409348812;3.4394412757998145;216.29297131467933
1.3743307693749922;5.14222720172865;323.6327365996626
1.376596730456166;6.900772815659545;434.7994925339225
1.379336696235183;8.961777080554038;565.4061966827953
1.3821564921155212;3.0778973856849055;194.5912737156181
1.3851653792392435;9.853474289569508;623.4159697370316
1.3878998260712998;9.577349694629744;607.468405119335
1.3906221440295754;1.9220120647184769;122.17919472883318
1.393429141117603;1.1849086808679614;75.3561255991559
1.395876867799344;1.371535199035979;87.2495175325244
1.3988088580303988;1.5141720956276012;96.35069584847567
1.4013151249874813;7.8184279747071574;497.6940188553723
1.4037265722705268;5.19066232486361;330.9682622798106
1.406158184999216;9.358166521193436;597.3306244237805
1.4090146557943926;9.797557666718571;626.5829011192661
1.4117746229019257;9.04225335511192;579.6504706139849
1.4142529471758254;3.501301777559174;224.92441708359917
1.4166073559144108;3.7741710348080724;242.63189281123695
1.4194163506103656;0.9096595538403207;58.52374571815856
1.422108767590646;4.536649420156637;291.93252462174456
1.424337238076235;3.2000223644000365;206.13398374443435
1.4268093598248952;1.9448226974744123;125.35422538191338
1.4290330431885356;4.412448454762034;284.52178381659894
1.4318898489042167;5.807855542666231;374.8112831532534
1.4347614371208257;10.480035759209068;677.2824858959854
1.4377751294101029;4.305249815384508;278.9405406638713
1.4407696545580728;8.281836259914135;537.1767258836559
1.4435693316102198;4.546305053808243;295.5023398367646
1.4460045400205517;3.170156898946606;206.2772397829783
1.4486653034980241;6.414206687647071;417.6356302999082
1.4516434055592244;4.730788870023104;308.4720632511189
1.454099401974174;7.340232154110495;479.19280691299633
1.4565509670950432;6.843459276527829;447.4444996063236
1.459433871540922;3.677862479532331;240.8108286572621
1.4622390751943752;6.441728598230635;422.15604308671
1.4652745191556773;5.667070973693744;371.95791357383405
1.467500654524224;4.844598216177557;318.43850106231537
1.4702451956089377;2.672835692134365;175.84774956819166
1.4725657277536655;4.551312678258771;299.6202275674026
1.47487704824417;9.75251211844969;642.5981815424348
1.4772606669619261;1.3122457803134042;86.62973914079556
1.479962715855079;6.217598857898954;410.57228203045855
1.48271902096665;7.02958175815059;464.85156887804436
1.4857134009138742;8.070628664165467;534.5701563317945
1.4881157820952968;6.6820068919420965;443.499151766859
1.4904806598827125;4.298733914391486;285.7043488265037
1.492872041860578;4.210562692779895;280.08536670995363
1.4952255865895114;7.286736137888359;485.12511050825213
1.4978993724887135;4.894027519072459;326.3005807224105
1.500563165530381;3.210890476738771;214.3178158735081
1.5032758282634824;9.1238131212828;609.4300225138683
1.5056050421131844;1.2310548312116054;82.40144256476928
1.5085704933235407;9.655465069848747;646.451779586534
1.5110370934635329;6.974848390606674;468.11251633289027
1.5135055892875338;1.3887030233106843;93.33780723291181
1.515819083979791;8.62402671660797;579.8083351090153
1.5181229984628086;5.003507857129792;336.96332856759096
1.5203453688422448;1.2337282373932723;83.1671122676172
1.5232512120796435;6.291193364697191;424.1954933069148
1.5261600906908914;6.003674353724886;405.43613837343935
1.5287434961677888;8.066230099951527;545.5294680940898
1.5313074323906992;1.970502086406362;133.50292413480102
1.5337785570624232;9.440860516495345;639.8989041506145
1.5367561604678206;5.984844100055647;406.4530757518675
1.5396441695086276;7.6523134030662945;520.4819852712376
1.542441281224144;9.859493970333014;671.8621869844986
1.545310123003793;3.533567965384735;241.35307699208602
1.5477143790416623;0.23711071840241318;16.209272172741684
1.550046995276123;8.000583672379266;546.9592617416994
1.5524811197213195;6.12528933359864;419.41719640607
1.5553184024214461;9.25646756054154;634.6193480217248
1.5578914581826129;6.796944466122156;467.03269002701035
1.5603973797441475;3.383528028330771;232.83407191169988
1.5634457196897424;2.7234792415797378;187.5481451523512
1.5664168514778496;8.619203727058173;593.9656062288248
1.5692167166343622;9.56892032004936;660.8434509604314
1.5721487835063512;6.53733618956007;452.5029468741007
1.5746147214083464;5.137398639779159;356.17936371776915
1.576961267171484;5.633131379736044;390.96814796795024
1.5795504043340671;2.702954169890865;187.80900191706854
1.5817811448525585;8.412299364060276;584.8573283439806
1.5845358304379338;1.0852026737830933;75.5676968665177
1.586880221061591;8.950615057631879;623.4307508570746
1.589806050525903;3.7998807093828177;265.1410158935721
1.5921802522519872;6.375657455328744;445.28792927641064
1.5951051896812463;5.521157654392177;386.1027130576333
1.5978801662596709;9.509821909233112;665.6875336463179
1.6006920494370633;8.815523538596432;619.8943422693933
1.6033945971247723;1.7615546412428085;124.39926905814865
1.6063387716687552;6.034095922185454;426.471727521915
1.6087077365273035;5.169493181893687;366.483322237569
1.6116113118753679;9.191470198260307;652.991084855335
1.6144074065196743;4.2254128423648565;301.5679585233824
1.6172934792248808;5.201605193174915;371.9950799975827
1.6201304910474086;2.5786575600148276;184.89114854310583
1.6228040945700923;8.976659794023302;644.4432140333419
1.6253266338649648;7.870146769207037;567.3435152137273
1.6275955617546598;5.857745853176974;423.7188571763032
1.6305273333945618;0.1748738098684382;12.678448003336706
1.6334632637357482;6.109697050636332;442.99557278349266
1.635952578458401;7.0640404227143305;513.776166752507
1.6386088830369814;6.312964021443094;460.5415392267291
1.6410064531158577;0.38070770167681994;27.853578013899437
1.6432647669034501;6.667101303725604;487.8594532530918
1.6458649560759313;7.086928920490517;519.9261796221167
1.648163182427923;4.310926157657989;317.27205063294105
1.650860971675051;0.48778888698488265;35.96121502158021
1.6534951805417981;7.449583715086225;549.3295796836621
1.6563594838632396;6.6073529702522125;488.87226876331135
1.6590250789283745;8.994160695287377;667.6415214243531
1.6620005785233378;5.64698495803118;420.9115268162042
1.6645677085992083;5.864823711250932;438.41507895490207
1.66681913007016;5.775360398333135;432.8480860686402
1.6690950772192108;6.671630244761159;501.14213186167973
1.6713774740033003;1.117897150727621;84.19111954754254
1.6739572096948612;4.872498866912417;367.11927854633507
1.6763808755420957;1.5218088854290228;114.90944960257744
1.6790658843576391;3.0272868320091666;228.731138179793
1.6821068862218076;0.6686056730677559;50.58828813981189
1.6843738554502414;3.177730565858943;240.51890390893965
1.6870585053980465;6.755739255721176;511.9695118127891
1.6895316551411945;5.289282436793278;402.0905927694967
1.692363098563329;1.5854718092978688;120.7992043596721
1.6952420672885986;2.4056989781400215;183.43527075950684
1.6977400724705956;7.955268904995293;607.3159940851965
1.7003973638763608;3.837179566413589;293.9391538270085
1.7029857905057786;7.23160274710073;554.9357512349696
1.705607800528444;0.4165004559154185;32.06438957755028
1.7078369711693844;4.15675443660111;320.06901176776495
1.710321185213532;6.37353708882903;491.54474236068756
1.7130124478427398;1.8514358015974306;143.17762241891273
1.7159136851183434;3.169613504208704;245.32721775970478
1.7186050222466853;2.2991770136645107;178.23781728950397
1.7208366924185226;4.946861949238776;383.90195777362135
1.7238439640097656;7.21082798420377;560.6625207663624
1.726613683405755;0.10132770728644216;7.907975390900823
1.7291104793937515;0.7038385318109387;54.932725326068024
1.7319278051607778;2.70814288915506;211.42739028661407
1.7349694765295987;6.1494265515842645;480.7233508236773
1.7379262418346413;4.6467233959886824;364.42296057726804
1.7405824367596407;4.51600993261188;355.01062963179834
1.7435513233701971;2.44831041337193;192.8635767115273
1.7465590123492891;6.934887302566203;546.9744955825976
1.7489116326581768;5.350439539183893;423.52216056192754
1.7513201683357835;3.320406506615769;263.4022308686101
1.7539432472935452;8.636564794067706;686.0687560530866
1.7568114353284698;1.3942887506512167;111.19169458124126
1.7596282917502395;3.4901437263553903;278.52377895891004
1.7622036446667388;3.2871519272517498;262.76908425766527
1.76492171192191;8.143562988295734;651.4850390636587
1.767803524679216;4.959991484994311;393.6625136298001
1.7701524736570653;8.257026674910934;651.9947557474234
1.7727157865647354;7.1606465943763595;561.505314194723
1.7754770880631972;6.959946795273932;542.1896538621249
1.7779840266790699;1.3080277694134477;101.19780737660382
1.780909204359526;7.773165180684606;600.679934694542
1.7831571669973814;6.6664021887727305;510.9702058297643
1.7856905225302617;7.868250766916124;599.8623959867263
1.7884813796717083;4.308884103963339;326.16358908603326
1.7911339949158784;2.877880777491888;216.90733163362094
1.793634028217854;3.789840333021611;284.86341129757017
1.796437800398231;7.203517973536384;539.6203636305976
1.7988305520453027;2.805436035779546;208.64118545978917
1.8018237912790844;0.2576701681658501;19.117072403133108
1.804341857166474;8.311342852307536;616.4655298533062
1.8066378104727856;3.9227026933215052;288.7783836540504
1.809111459749068;2.8874718178315986;211.88385214346482
1.8121435003118638;2.9170202737965054;213.5060986908021
1.8145702177140686;6.615981430251283;482.7153533988248
1.8169068380069866;6.807647488719594;493.8516343460886
1.8192924351833362;4.746355427316873;342.3618919738754
1.8221770870606244;6.0374218389971315;433.72742356646586
1.8245680985699797;5.101505306995219;364.2117711616789
1.8268142593290286;1.131532660136877;80.43159120739769
1.829780070642003;8.806462581765077;625.4126566814472
1.8326348974295286;8.755831598644722;616.0166846378731
1.8349004936244109;3.1984796309542443;223.02019256617024
1.8374750392099444;7.716712853106837;536.6702440494207
1.8403614533644828;2.688531667719172;185.6512465115585
1.8428356352713302;6.789738467130087;467.55255935139184
1.8451976424361043;7.0127120885363;480.00961253136245
1.8475165121628587;7.537079447684754;512.8498293863212
1.8502888181539892;3.2663350844442904;220.86581929689325
1.8530784921836763;6.205082251364903;418.22358518035514
1.856086301195426;2.4970666143518443;167.26222809068702
1.858706314429134;6.269921279219465;418.85463350332344
1.8617403752245496;3.1864340978433323;211.6170800125402
1.8644563897238289;10.121392286116926;669.8597891214425
1.86750663798002;0.07095847075351304;4.650107702052142
1.8704288991498068;2.7597660590693924;180.84123374454734
1.872881191885602;7.366092804764659;481.29315793210435
1.8757190353284727;8.382706361782525;544.1841484831347
1.8786689682666704;4.217293912748248;271.4500787135711
1.8816790995584123;3.784538648814439;242.51305685460488
1.884690966236729;2.0135567060939086;128.5036578614387
1.8872750823519;6.1731708998979595;393.1137731899553
1.8901524191657102;6.498156616449284;411.4516344394437
1.8931890365667563;9.043636324140126;568.8030543140842
1.896222810255836;5.677364858459006;353.5778913333391
1.8990903765420035;7.78777573789047;482.0276775568582
1.9013627804610083;3.6107189115153;221.70451090349758
1.9036290687669863;10.636794013705252;651.2040455010507
1.906477488186494;10.74082833256129;651.9119718362057
1.909360641289894;10.855820912943619;651.6919982406764
1.9119388958002599;7.3837793027763565;443.02675816658143
1.9146864653712286;10.60695563194683;638.9414303727303
1.9173617302263928;2.4001648754527976;145.45887794747253
1.9196171768752848;8.759532319274427;531.570234748732
1.9221801231920663;2.4150085840146507;147.15746186542182
1.9247890077284855;3.0411547188878365;185.55035159669268
1.927276937510281;5.556589874576099;339.58529145695167
1.9302512091545037;4.923120973172951;301.73802452297383
1.932560682804023;3.142199245976082;193.17284716185222
1.9354768443307642;2.576711115226039;158.64784570754998
1.9379108926992266;8.064993991192699;497.3382091973561
1.940469451548954;9.680804922961803;599.4207341282356
1.9434032378152353;9.806459146031106;610.3343251661614
1.945731122145265;0.1499027816277146;9.385567798422956
1.9482398741158107;2.517676964868638;157.64581191989194
1.950797362725587;8.137804186327573;510.22386796067275
1.9534224476471111;10.080103129442005;634.7423850642047
1.9560826473184616;5.850792854501214;370.4544547578617
1.9585097535883846;5.43754003857312;345.4049155605474
1.9613663082587092;4.290797625653386;273.31062896085604
1.9644161256883934;8.019548433371186;512.1249928619095
1.967049086691019;1.5718462705444778;100.88891050134761
1.9700186220824818;6.545286423345577;420.4712550139427
1.9727021861770062;9.305497053502624;600.2086532883736
1.975118855930566;5.48221079696542;355.4446304631047
1.9778597833265048;8.533321647298163;554.7935551146089
1.9804336764636579;10.624048431291378;694.0877889267823
1.9827327285080214;0.42290183902895684;27.78632117825335
1.9855426938073155;2.6481352287921363;174.0281874674282
1.988392333892811;5.453818423063973;358.9656180273819
1.991085969895132;7.700299945964604;508.468094133612
1.9937610342975411;10.33482506726226;685.3806332203046
1.9960937143285982;5.301303164642442;353.5945379813386
1.9990076909274763;1.4232515303296172;95.17480612726217
2.0016522671861057;6.083314624404219;407.1511813313023
2.0046792847082893;0.005936678924736256;0.39866869974529706
2.007001259424808;6.981371852867918;468.82522945330277
2.009720225809872;0.49368804671088273;33.26496304232626
2.0125986782560665;2.766276096181196;186.44527886348192
2.0154463506263474;5.4409609774056085;367.3257049486444
2.0177890479055463;2.0069850105109426;135.93129484220117
2.0206690659163327;9.54100397515;646.8366203828277
2.0234645617586335;5.043412719209422;343.87778564182577
2.0261983221818642;6.461620534180692;441.8703158967177
2.0285919121849516;0.11519058922267149;7.9061617360390635
2.0313489530942204;1.2258069232925268;84.13868309853028
2.0343612187269504;0.1344271822882303;9.2335011557101
2.0369222421820274;6.685926472421788;459.2800110292826
2.0399662997324737;1.6676171673147593;114.96318495039137
2.04301793454391;6.892526703452828;475.66362355584533
2.0458656708801226;8.47819258261639;587.6566696568426
2.048755743290695;2.002114906620485;139.47243593426438
2.0517880000418947;1.821325778174188;127.03115157549429
2.054385147062374;0.1677059572771343;11.710366537699668
2.057209145847436;1.2544456273196058;87.60184386817818
2.0601500620914694;5.131384954158286;358.6050546700843
2.0630654361705867;7.731510190130962;541.2057133091673
2.0659041909191336;6.412977176681427;453.12444616058036
2.0687130821221706;1.0668415099533075;75.95205936615235
2.0716853072047168;6.104461350094926;435.13991138606457
2.0746789435419575;4.219736935864325;303.0664317148492
2.077692160284709;2.6306654948243184;189.93193519956162
2.0803470038538707;0.9389943672210197;68.01855232079262
2.0827555866960217;5.09109471087364;369.17003423058134
2.0855531426827394;9.554699658385678;696.3788900212588
2.0880203091290275;9.00725534198759;663.7907784633428
2.0904277545158743;7.922039753522279;589.2214271889463
2.092703914219956;3.109251057213355;233.0960080855944
2.095753289004577;6.646823762874289;499.77206576496775
2.098560218929638;2.559585219472651;194.07953488114399
2.1012549951021735;3.7986798920127023;288.89564650200015
2.1042137310899647;0.22120637097284712;16.894850933725316
2.107221508645741;0.9488843375824318;72.49172420250363
2.1098672790416324;1.7316441995377356;132.44938968875587
2.112540705140633;7.893484100731785;604.9065724400809
2.1149366757375287;4.965672970094029;383.88367146790466
2.1174614696623806;4.768639227756844;370.47901837231603
2.120293581621453;5.462383128439066;426.5054075293779
2.123275318506527;8.565332087025157;673.0960007793238
2.125652125877492;6.456589326021823;512.7823756501373
2.1286531954081878;0.141788684934454;11.332862615952743
2.1311850413315496;1.6339900940470078;130.62444613136702
2.133993139427416;7.25869813252118;581.2751422207303
2.1369494842697705;3.4368636737497402;277.56084297278016
2.1397363423027658;6.9486799011547165;563.5506181239272
2.1422733211006415;5.291322881121697;432.5985277118556
2.1453275239351077;2.943902398186803;242.02852932518098
2.1477517829536437;0.34710612921967055;28.64372017428266
2.1501511289136506;5.560638526817813;459.0331472731367
2.152558461746999;2.265128117429784;188.02680429391347
2.155112603294262;5.94341052400035;494.4795572387237
2.1576907641079073;3.431390910519287;287.2904088009118
2.1600031897581005;7.0806520339868415;595.0070335130728
2.1622866372317424;1.3345091610693465;112.90761296371673
2.164710869418756;3.294291065344583;279.07100026380925
2.167084925931859;7.311541395795271;621.4474674579335
2.169925781901347;7.853925317825096;667.5836520151331
2.172739567195648;4.478649128452021;380.68517591842186
2.175634742915077;3.93744882739979;334.68315032898215
2.1780609059273677;1.9573493986143338;166.37469888221835
2.180556365703735;2.9111636075487715;247.44890664164555
2.18351186021931;2.649815661535746;225.2343312305384
2.1858008437312204;4.545863766133411;386.39842012133994
2.188567803038539;2.2913877453005984;194.76795835055086
2.191075335784461;0.715171819750682;60.789604678807976
2.1940803160474855;5.5099546740328185;468.34614729278957
2.1964028299984784;7.8734128587593855;669.2400929945478
2.198739433006154;8.105366075309611;688.956116401317
2.20165735769724;1.4012269427553656;119.10429013420608
2.204452820726057;1.6716195131898726;142.08765862113916
2.2074472015325557;1.6865275034246494;143.3548377910952
2.2097570439238092;8.014854206681482;681.262607567926
2.212155382963957;5.105911187770367;434.0024509604812
2.2150098720357176;4.197413504136072;356.7801478515661
2.2176455761787315;1.1261493692351208;95.72269638498526
2.2205472413150797;3.7251574046497296;316.638379395227
2.222773848594356;2.544513415395161;216.28364030858867
2.2257946190029063;1.0292232221934197;87.48397388644067
2.2284530998372096;0.4602014460597969;39.11712291508274
2.2309723709684213;7.493137012847571;636.9166460920435
2.2338930405623207;3.2110803823413314;272.9418324990132
2.2364288861058643;7.2325420713980195;614.7660760688317
2.2391666212514667;7.330735903645566;623.1125518098731
2.241389763419959;0.3353835032239519;28.507597774035908
2.2439329564586727;3.5581036517851787;302.43881040174017
2.246293394657877;6.4447202682802445;547.8012228038208
2.248601874064503;7.560178039517273;642.6151333589681
2.250974489877535;7.17599241956904;609.9593556633685
2.2534926494411267;4.807140738495336;408.6069627721036
2.256033277042803;7.346744881428992;624.4733149214643
2.258328925147279;3.1517589408028583;267.89950996824297
2.2609197263675287;3.9325541011382286;334.2670985967494
2.2634161737737784;3.5098151332311978;298.3342863246518
2.2661025216376824;7.913032546248279;672.6077664311036
2.268833834066166;1.777109626313359;151.0543182366355
2.2714232261285705;4.254423087204023;361.62596241234195
2.2737480454308523;3.215335083553304;273.30348210203084
2.2760441204359925;4.31045885211835;366.3890024300597
2.27845396130707;4.579679840506905;389.2727864430869
2.2811025104604217;2.8390085240888903;241.31572454755567
2.283643855796479;7.047855399443543;599.0677089527012
2.2860493788019216;0.3055161023269161;25.968868697787872
2.2887909000968087;7.891252016388049;670.7564213929842
2.291180714947709;3.889569376503233;330.6133970027748
2.2938118945161805;4.124246330428721;350.5609380864413
2.296555649665984;6.648589955195836;565.130146191646
2.2995154559180397;4.704863766450141;399.913420148262
2.302264577195014;6.846666607016689;581.9666615964186
2.305138359935475;2.9447964446645316;250.30769779648517
2.307686758077945;6.225331045517361;529.1531388689757
2.31009940729106;0.9574705127585119;81.3849935844735
2.3126161956878346;5.286049988548228;449.31424902659944
2.3152776243972055;5.859640232140089;498.0694197319076
2.317534194528056;2.3787567310230107;202.1943221369559
2.320209246542363;2.124009713342826;180.54082563414022
2.322707759599983;0.21774249738841406;18.508112278015197
2.325703578653766;4.225338611691394;359.1537819937685
2.3280005389045777;3.918864153332026;333.1034530332222
2.3310206691399813;6.69047658178993;568.690509452144
2.3333828618412875;7.351392673615093;624.868377257283
2.3363249442967753;0.7379133229919275;62.72263245431383
2.3389140029628472;0.888580385906009;75.52933280201077
2.341630365137085;4.5515385464966345;386.8807764522139
2.3441854104651907;6.199486754321433;526.9563741173218
2.3466404896502793;5.805709304267094;493.485290862703
2.3495204558855196;5.2821372460986415;448.9816659183845
2.352011136142421;7.50203038786718;637.6725829687102
2.3546361144260084;5.428720193043555;461.4412164087022
2.3576028260459756;6.191974977784687;526.3178731116984
2.360066306598496;1.5791432323995453;134.22717475396135
2.362819923612486;4.499634747145458;382.4689535073639
2.3657161623484417;3.6155640473929367;307.3229440283996
2.3682879048345833;1.5560789826428585;132.26671352464297
2.3710673306846117;8.110791383313634;689.4172675816588
2.3737942171519872;6.942895452904965;590.146113496922
2.3765519726103785;3.8501441557072207;327.26225323511375
2.379116668379077;1.4439840368681767;122.73864313379501
2.382158867181351;1.2853729067382795;109.25669707275377
2.3850276003162074;0.9288336772837964;78.95086256912269
2.387739484293365;5.4445750819164065;462.78888196289455
2.3900941878452104;0.9814489719047863;83.42316261190683
2.39240430993992;5.35074258576448;454.81311978998076
2.39474599172791;3.6521927990879868;310.43638792247884
2.3977644921759853;6.927420867657309;588.8307737508713
2.400717097404524;4.908840528880373;417.2514449548317
2.4036603252422624;2.9538866574376152;251.0803658821973
2.4063863055162655;5.1560560957434145;438.2647681381902
2.4090162133392274;5.559237449821253;472.5351832348065
2.4116133531211035;2.1266044781066036;180.76138063906131
2.4142836100887224;2.692954042018849;228.9010935716022
2.4167391947797903;5.054616615023519;429.64241227699915
2.419562486448722;0.030067502395458596;2.5557377036139806
2.422575677384138;5.8786355367150565;499.6840206207798
2.425323174595161;7.263407081729667;617.3896019470217
2.4280581602201154;6.478805537755628;550.6984707092283
2.430425018415691;0.9002837815939877;76.52412143548895
2.433297992616674;1.3286952289818987;112.9390944634614
2.4356362699376564;5.696770604233389;484.2255013598381
2.4382246519426203;6.495393716837201;552.1084659311621
2.4410011317886724;0.4292277811317298;36.48436139619703
2.4438219437322073;7.240579113866386;615.4492246786428
2.4460478719831187;8.000874234907112;680.0743099671045
2.4482770440572135;1.0715587492286134;91.08249368443214
2.45107593202827;2.00930637519146;170.79104189127412
2.4536596996286444;8.17741495695318;695.0802713410203
2.4559574715917716;7.281755607335515;618.9492266235187
2.458471749790399;1.8965012764930176;161.2026085019065
2.460695549743501;1.4656917430373335;124.58379815817335
2.463276621703226;4.8866509519880434;415.3653309189837
2.4658312413346652;4.084443236871638;347.17767513408927
2.4683471960050056;5.2120557871181346;443.0247419050415
2.471104893559283;5.983305830729246;508.58099561198594
2.4734609319459904;0.4325608334474774;36.76767084303558
2.4764204258351703;3.468995652924268;294.86463049856275
2.479144014520874;5.839911460545527;496.39247414636975
2.481863009201301;3.9025945895153904;331.72054010880817
2.4848214488267653;2.3768136676969727;202.0291617542427
2.4872374702502764;2.168306543672416;184.30605621215534
2.489643008954995;2.25030732823516;191.27612289998862
2.4921875591878004;2.901001198133955;246.58510184138618
2.495153308573705;6.55025094319519;556.7713301715911
2.497877593010865;8.017429561555412;681.48151273221
2.500691190231928;4.733381852818383;402.33745748956255
2.503164960940255;6.300114859536595;535.5097630606106
2.5061912585850146;0.939905684170441;79.89198315448748
2.508982988564374;3.42446083516791;291.0791709892723
2.511263419350977;3.914588806696579;332.7400485692092
2.5137054550997244;5.0555454832115085;429.72136607297824
2.5167275519439034;4.752395858153834;403.9536479430759
2.5196073134894545;6.4732106246954775;550.2229030991156
2.5226245408044163;4.406210808916591;374.52791875791024
2.5256502198209017;0.8528307357086102;72.49061253523188
2.528348534595162;5.807070544980244;493.60099632332077
2.5306399944145697;4.81441112677432;409.2249457758172
2.533643538255202;2.4397361500507353;207.37757275431252
2.536318715411587;2.9261286119038794;248.72093201182975
2.53875928294024;5.260531807755591;447.1452036592252
2.5415062212615425;2.6063646605673654;221.54099614822604
2.5438126134645316;6.084937676377043;517.2197024920487
2.5464896997731588;0.4304460421976707;36.587913586802
2.5493608375983063;8.15119226721681;692.851342713429
2.5519600757491925;1.9597423788631658;166.5781022033691
2.5549605539951536;1.581397902788766;134.4188217370451
2.5576995366788866;0.4508701078778752;38.32395916961939
2.5607527951843196;3.1674571002969887;269.23385352524406
2.5635324019908547;2.0609534123880104;175.1810400529809
2.5663911476183894;2.381729780581469;202.44703134942486
2.569244558807368;6.290455157360395;534.6886883756335
2.5715334756390513;4.678506044608461;397.6730137917192
2.5741725496895844;0.9492272416953259;80.6843155441027
2.577203401467509;3.2157051195086517;273.3349351582354
2.580251483294375;8.151345768289037;692.8643903045681
2.582608922821056;0.22452866470917102;19.084936500279536
2.585077573098015;6.03729753278923;513.1702902870845
2.5879897939682577;3.0336841069556164;257.8631490912274
2.590612679670336;3.163221559890775;268.8738325907159
2.5933066495173542;0.13499920276797323;11.474932235277723
2.5957056963866174;6.774340087192977;575.818907411403
2.598020825958747;5.483603393221363;466.1062884238158
2.6002746746699366;5.511091800206676;468.4428030175675
2.6029244951396717;5.929563686474449;504.0129133503281
2.605895328949897;4.0670025684241065;345.6952183160491
2.608151653250939;7.891347527134064;670.7645398063954
2.610478580388753;4.28574747692546;364.2885355386641
2.613149974985344;3.7479652733540902;318.57704823509766
2.61548218056653;2.998458557380343;254.86897737732914
2.6183483720328162;4.285363903640597;364.2559318094508
2.620642651460037;5.740388072582589;487.93298616952006
2.623495268155435;2.741571174682518;233.03354984801405
2.626357937863397;6.36118221780092;540.7004885130782
2.628773467297952;4.959384871328584;421.5477140629297
2.631811572706063;6.069050840622157;515.8693214528834
2.634630580462115;4.139540610128103;351.86095186088875
2.636890709473822;1.278805594153642;108.69847550305957
2.639118182416326;3.665948822955829;311.6056499512455
2.6415297552768937;2.7763305937884803;235.98810047202085
2.6442604269261087;0.398638843679019;33.88430171271661
2.647258789031969;7.11413588487233;604.701550214148
2.649962909346838;6.5676029279647405;558.2462488770029
2.6522399069680014;1.4511656967378095;123.3490842227138
2.6551408843066215;6.149790172873163;522.7321646942189
2.6580689103901;6.871528992674071;584.079964377296
2.660742802779761;2.9051019163714034;246.9336628915693
2.663296612273836;7.198774431835571;611.8958267060235
2.6660537371396202;0.00882483946114108;0.7501113541969917
2.668930576653773;7.1721202254727014;609.6302191651796
2.671861777746687;3.2111891508942647;272.9510778260125
2.6746326772053006;1.9820310970438029;168.47264324872324
2.6775653496403704;4.351409117120839;369.8697749552713
2.6800840412138283;6.695336859745287;569.1036330783494
2.6827949711379353;5.116435812194806;434.89704403655844
2.685548546272125;4.191789764032473;356.30212994276025
2.6883422893540643;8.127573625210577;690.843758142899
2.691171640724808;1.8682360432200404;158.80006367370345
2.693540877401949;1.7903618184572192;152.18075456886362
2.6961194661827697;4.033616527930214;342.85740487406815
2.69900102737341;7.439644711194998;632.3698004515749
2.7013973179435227;8.176124886284885;694.9706153342152
2.70389185134839;0.35166148172033185;29.891225946228207
2.7067626577974924;4.849557928005465;412.2124238804646
2.709209726449793;2.122975154018337;180.45288809155866
2.7116012143326054;5.146408037530014;437.4446831900512
2.71426991656452;7.371569382985008;626.5833975537257
2.7167141643168673;2.273181730836645;193.22044712111483
2.719316128756745;6.26804514971738;532.7838377259773
2.7220555909299664;1.6231952816737873;137.97159894227192
2.7250119267039716;5.719167424693971;486.12923109898753
2.7277072592300544;4.763960371912904;404.93663161259684
2.73057741564932;7.128470242944846;605.9199706503119
2.732917164439831;5.5395885002001695;470.86502251701444
2.7353754425640706;3.5001895655516635;297.51611307189137
2.7380271313261204;5.911835405620321;502.5060094777273
2.740937328207242;6.922343449677191;588.3991932225613
2.7439491200423536;4.942879197543957;420.1447317912363
2.7463020839638905;6.8649048164989805;583.5169094024134
2.7488208211500225;5.942166888439685;505.08418551737316
2.7512005504329626;0.5349369864592429;45.46964384903565
2.7539423739237363;5.004762023873004;425.4047720292054
2.756482921287416;0.3824857905822672;32.511292199492715
2.7587975622327607;6.591730245940977;560.297070904983
2.7615316094076725;7.2923288825002945;619.8479550125251
2.7645728804128766;5.156022875748896;438.26194443865614
2.7668890792422154;4.747878277457055;403.56965358384963
2.7697273337993975;2.564716013716466;218.0008611658996
2.7725502306676852;5.065759175255721;430.5895298967363
2.7751051292893516;7.7405385017561485;657.9457726492726
2.7778856577949242;7.0551849911650475;599.690724249029
2.7805689584575766;0.2736375943671304;23.259195521206088
2.782806821189435;2.699853309378706;229.48753129719
2.785733264249814;2.582969986614157;219.55244886220336
2.788641789278654;4.520358746296607;384.2304934352116
2.7915249169007246;5.391834048491202;458.3058941217522
2.7939072768108595;2.569598426521331;218.41586625431316
2.7969412849316346;4.437559775374604;377.1925809068414
2.7997990744488805;4.638575711915382;394.2789355128075
2.8025044394874072;4.25553792863937;361.72072393434644
2.8048096898515205;4.160902750028281;353.6767337524039
2.807354600791855;3.5102338380427844;298.36987623363666
2.810351767707013;1.8774944748977394;159.58703036630786
2.812682953222587;5.9870270660287765;508.89730061244603
2.814908459245206;7.970526589192028;677.4947600813224
2.8172756596642046;2.122000396130608;180.37003367110168
2.8197711899347815;6.583848568955756;559.6271283612392
2.8222949475030825;7.268405136154686;617.8144365731483
2.8250645268229717;7.514132066288802;638.7012256345482
2.8278953239986735;0.4687608062419599;39.844668530566594
2.8305490861837392;0.11089108340038296;9.425742089032552
2.8335214875819816;0.11159908940421515;9.485922599358288
2.835793118328971;3.1190636947310084;265.1204140521357
2.8380561926770786;1.8837857923475692;160.12179234954337
2.8404787821229993;0.42365471087883444;36.01065042470093
2.843391429976062;0.3786125013235765;32.182062612504005
2.8461757045274747;4.2396131276760824;360.367115852467
2.848407576774714;7.844563977332363;666.7879380732509
2.8506414021271245;2.0318834559180434;172.7100937530337
2.8530277520709175;2.4934181813184835;211.9405454120711
2.855816005599449;4.870423942775477;413.98603513591553
2.8585191874339846;2.232228383668043;189.73941261178368
2.86113133114935;6.759352699839111;574.5449794863245
2.8635414843419773;2.095389688188127;178.1081234959908
2.865910816525454;6.703919660622882;569.8331711529449
2.8683237574470297;7.2794663391536485;618.7546388280601
2.8713461135298224;4.720057519055751;401.2048891197388
2.873861900347193;1.4051896281803782;119.44111839533214
2.8765685294672045;2.2378330681157754;190.2158107898409
2.8792775500921923;2.091306503161982;177.76105276876848
2.881640119959122;7.209312549102107;612.7915666736791
2.8844381263117573;6.562364851730568;557.8010123970982
2.887342227089688;0.9779649557198908;83.12702123619073
2.890229517057637;3.992791054711097;339.38723965044323
2.893274814958126;0.521781107226319;44.35139411423712
2.8963144609720217;2.296361121498248;195.19069532735105
2.899177666767229;1.5377581918740488;130.70944630929415
2.9018883091610648;6.261152499480228;532.1979624558194
2.904383656620023;4.1407791144614885;351.9662247292265
2.906972568265613;5.047456478422751;429.0338006659338
2.9096461893533436;5.238317983867581;445.25702862874437
2.9123464621612243;2.4547551132244982;208.65418462408235
2.914746352133959;3.8265091412172625;325.2532770034673
2.917795589923367;8.193609106626301;696.4567740632356
2.9207059924456793;1.9873521694442284;168.92493440275942
2.923737815629721;2.5123980187695736;213.55383159541375
2.926516032628294;7.778294583127504;661.1550395658379
2.929431700079168;6.009698053348957;510.8243345346613
2.9320455608052134;0.17851157213934757;15.173483631844542
2.934839097494837;2.752162567412088;233.93381823002753
2.937524993341758;0.6329941412169983;53.80450200344485
2.940259270743319;4.412529887178663;375.0650404101864
2.943207809303579;5.754966540214476;489.1721559182305
2.945910973825993;7.899794197418315;671.4825067805567
2.9483112813954637;1.2753599525818475;108.40559596945704
2.9513585343064306;2.3169643517454093;196.94196989835976
2.9538059597891033;2.204131273445066;187.35115824283062
2.956228816367894;5.748585105185552;488.6297339407719
2.9584891935920754;3.5683583829338033;303.3104625493733
2.96085569536423;0.6832762515414087;58.07848138101974
2.9638676426729766;6.787098960831012;576.903411670636
2.9661943429082864;91.33754284491502;-913.3754284491501
2.9686845817259253;66.2266417057095;-1302.0009725635853
2.971432348097504;24.500608270250716;-842.7590255786031
2.9744260315067304;1.7067683831996998;-76.67384729337297
2.9767889020751763;14.236526165277871;-654.4069246028758
2.9797758832404426;15.476012901174396;-820.1558890366912
2.982100440693086;19.521060936017406;-1171.2636561610443
2.9849141119851885;2.749854794112653;-164.9912876467592
2.9878343148359345;3.4701036476475133;-208.2062188588508
2.9904127501946745;7.161480173259275;-429.6888103955565
2.9933524370194875;13.85485566538419;-831.2913399230514
2.9958817739022416;4.691924021521462;-281.51544129128774
2.9986264728125915;17.181693015183747;-1030.901580911025
3.0011369719582897;9.631892808165388;-577.9135684899233
3.0039873127715757;18.420349120159297;-1105.2209472095578
3.006946469933287;22.902686261950375;-1374.1611757170226
3.0095743487743323;16.26662313413157;-975.9973880478943
3.011971124295443;19.549658624916912;-1172.9795174950148
3.014490384205523;6.797497212828604;-407.8498327697163
3.017515594491209;15.624842427111151;-937.490545626669
3.0199013281389533;17.00233257311797;-1020.1399543870782
3.022892043341295;0.8626300293269036;-51.75780175961422
3.0253966322088415;18.61249529620682;-1116.7497177724092
3.028057590303645;16.569165318168015;-994.1499190900809
3.030631655548973;16.674456304230908;-1000.4673782538545
3.032978910062296;4.705136581217601;-282.30819487305604
3.035976207519133;10.428823006572653;-625.7293803943592
3.039029419111294;3.0421128672716984;-182.5267720363019
3.0417546843987235;12.60690778199761;-756.4144669198566
3.044573614013235;18.12308187031509;-1087.3849122189054
3.0475946224181953;11.186060726578914;-671.1636435947348
3.0503620868884203;14.781886684456603;-886.9132010673962
3.0532993484299493;19.29407859392348;-1157.6447156354088
3.0563523283359957;19.178770404942348;-1150.7262242965407
3.05921498548204;0.10461008432440948;-6.276605059464568
3.061750793150675;5.558904574629542;-333.5342744777725
3.0642250721074427;5.558513271870039;-333.51079631220233
3.0668331019162487;0.8769786787005647;17.539573574011293
3.069673820077126;18.353623971112476;367.3670630126267
3.0726615905386527;0.443649656622489;9.042565374055933
3.0749478000888106;20.017525441808818;408.1913884984611
3.0776925818597896;22.230582144303895;460.5986153252356
3.0804150787605824;16.321927582063516;345.41666311065643
3.0827591182040677;9.46738626560931;203.47969829392147
3.0856608892017836;27.090134035034623;586.7738344601646
3.088300683504705;9.718583326527758;216.31126401059336
3.090603353628057;19.083131799734012;428.56603872368686
3.093320999715919;18.7464694680792;427.4965146717145
3.0957037724218806;11.493681941326646;266.7884902589365
3.0981432285477566;6.447519142212313;151.0963406188052
3.100807808742278;27.413030714467215;645.9643233624025
3.1031869538591006;26.687854592108533;644.9939898627161
3.105427839494372;2.941739031879655;72.68009020001543
3.1076796764510366;16.882118501719024;418.06290118507803
3.110283341356033;5.304312813715865;133.10627054181504
3.112820659941165;26.508204936515522;668.4195551296524
3.115335054876767;20.003768138341616;516.3104096610701
3.1182839523401054;0.8757455883312524;23.00248184616861
3.121035326078614;9.726443784887378;255.70791474149962
3.1232855287182564;5.404143797058245;143.40883931129062
3.1260146061842637;5.4904029382659;146.31954908689147
3.128793928199044;15.865680041619253;425.04423323362954
3.1312795560950715;18.344851865733766;499.06566696661275
3.1341153486639017;2.8936271358423067;79.97965609619344
3.136480768272939;6.559771997676681;181.8336821980279
3.1387845695196397;8.397992468944135;234.0556559943805
3.1414632482249543;9.94343801160544;279.0091773328616
3.144130268021569;9.54894459388353;270.44392678915517
3.1467975114399027;10.852403588995156;310.10684872783554
3.1490770542430764;11.626975570110615;335.6145963483086
3.152094714331909;22.870920793412033;666.3123781377803
3.155086635972321;6.480168835732722;193.36250649103556
3.1577736703338264;20.128723513412712;604.7092638337991
3.1603945690074147;3.1038117069625404;95.01462374337711
3.1628038071493774;6.074631077205575;186.48883582129108
3.165765519171814;16.765156483486198;517.3268395729264
3.168521722301677;12.005828215856413;376.9213849638272
3.1708813824323716;16.17232420248002;513.6230523323837
3.173886267249619;4.972830000213625;160.04873610294595
3.1761637769025706;11.640521537880424;376.61027745052667
3.178812273408444;13.608489498395908;444.376302237386
3.181200016761638;3.3977350709987015;112.35393146626497
3.1840539774937993;16.964645609232694;562.5719515945561
3.1865347087041918;15.932788112306223;537.3298751092469
3.189201334498508;1.3904606029382394;47.543317872317715
3.191490538783883;16.835121893723468;576.3837276614229
3.1938212020745667;8.036621114558;278.8703365676857
3.1962985729958704;5.526057964399719;193.0141628444782
3.198727833472703;15.884723283201803;557.4867535293855
3.2015009950391966;8.156922758682013;290.1496232718072
3.204056847282057;6.114056442568953;219.20905756545594
3.206955430557402;13.956936083348259;503.1458379157932
3.209661778287352;18.052503757572612;660.0284300018492
3.2119672553743737;7.631544968435945;283.8046464728612
3.214365366044529;17.375473400708973;650.154445039048
3.217267883862019;6.12750687340237;232.6308526835458
3.220136200257091;10.588043653155298;404.48366502759774
3.223010912343563;8.993577307440265;347.233113195262
3.225358686528509;7.80983340473293;304.2652802313445
3.227682140172063;10.706169230642166;419.78783973933935
3.2301844201168;0.4461786050472833;17.647315134321097
3.232845926913617;3.3794640084691485;133.71736909921498
3.2355761855036014;13.252923510146474;526.0416652223826
3.2379117603290135;8.559150176034132;342.36600704136526
3.240492793574116;0.13164171706281622;4.634087456512736
3.2430467333051998;15.13978616933455;531.8683645233518
3.245307535395643;9.826755206130105;265.12928055108074
3.247668850036677;9.126260965983843;213.40775228590394
3.2501217257983055;25.205425408400096;513.1921013121658
3.2531391081926713;53.84975168078415;689.6862766642062
3.255521233851421;56.880283623953844;568.8028362395385
3.258104671122119;12.293771537983497;206.2255484056385
3.261011598177334;12.603314960098242;244.99146608956255
3.2634672880962228;21.64712308431665;497.8733234224622
3.2659531207532053;21.613175934243813;629.2163315480474
3.2684993113102503;18.877946257137204;660.7281189998022
3.2711814729412234;11.545302775965542;374.95091539152554
3.273813646939849;21.942951438151496;679.5287060807465
3.276261677706645;22.54309414131569;637.6317633412441
3.2786486805879727;20.31002787894402;526.9152812566109
3.281306555712271;11.144568777050779;268.1046639980443
3.283753056206374;3.235811550613691;74.38514834051824
3.2864480060490213;23.18262467174817;526.5961383319035
3.288732508909144;0.18616369448206369;3.832439596071824
3.2914314084014187;29.815918040507587;613.4107382497143
3.2939262422071214;34.081727568741634;681.6345513748327
3.2964327190652627;2.662593469896377;60.401205802451344
3.2988108064214767;15.15303042242868;347.37028206008074
3.301691882386983;0.5038246757183342;12.206905036080407
3.3042988882681774;16.351061187915075;397.06930008110214
3.3065485371255674;4.858786182064114;125.93232468732081
3.3089481604241375;3.3760440081658336;89.01208629366964
3.3114865181644952;19.21849899202092;513.1925707604667
3.3142289331288044;22.09735636305279;635.5176091488765
3.316937065577284;18.95516566347566;597.3107518293923
3.3196581425267597;2.1999742044260824;74.94402712680454
3.322092840479139;9.020302729130933;310.18889495623296
3.3245452493312833;5.887377378220512;209.47468487309817
3.32722491759965;3.7875055811123466;137.83277591329494
3.3298684836713734;11.706400835705843;432.83968082974695
3.332573635997426;14.761971481915086;572.4886165398543
3.335237643851319;6.3291724416659925;260.930123554243
3.33793128687302;2.032420221740957;86.02043004480451
3.3409203889030596;13.18338043646529;562.7983967125781
3.343579989802382;9.292306076563415;421.3707162230719
3.3464956037241285;11.570187512863576;545.137318472235
3.3494011187234327;1.8459853327552174;91.60753970923359
3.3519735309522916;0.8440454336579437;42.202271682897184
3.3548553419668528;0.2193802072630894;10.97496443191246
3.3572424802265908;0.9293420063246703;46.4996712938534
3.360275182767828;10.319264319779894;516.6112414285125
3.3632584873846656;13.362868622417835;674.2165835843159
3.3656977049601156;12.328825065989715;628.2439834475464
3.3680346992415555;11.817788111018377;606.7303705247188
3.370508386627084;0.34140553181830213;17.648930067472424
3.373518888934874;2.1356333734394566;110.42469579534678
3.376259188023367;10.542149749298563;545.9667427534828
3.3789980857957858;9.488813880865921;494.9646789458762
3.381401425216889;2.7862675065536577;146.2842843405753
3.3837600452798573;0.522750488790247;27.491329769791083
3.3866084314312634;10.446455452860953;549.5460667168591
3.389536811007229;4.754665442819553;251.98449596139568
3.3922295901478026;3.799906935805951;202.08585363824392
3.395067820412804;3.0142926893214907;160.7155554133349
3.3980700680880376;6.13844285913819;327.98848289885933
3.4005680568673924;4.19182910590769;225.00919556492
3.4034391097162033;10.772945465177092;579.7844507844833
3.4062017724518863;0.47463197376408395;25.741528194134965
3.4091970215334;12.829537409327406;696.0343544936782
3.4120641033639147;7.119086297036411;389.93862175377797
3.4149576932449244;5.254308997654848;289.2664500215567
3.417891241638711;7.790178164824651;430.504257456078
3.4204750883553348;3.352103566693093;186.30377111350194
3.422859131098413;0.9471338457723126;52.75394576333993
3.4258509371822754;3.678039301747764;204.9769603542913
3.4281011154014824;0.5456610952072174;30.493324471685533
3.430942667777078;4.787998094381756;267.65110673854394
3.4332789715618657;8.72603445426494;489.4481298049898
3.436070446092435;12.001454295127013;676.599166211496
3.438905696811439;3.989637541038926;226.80534404424787
3.441251599132893;4.314600134754751;245.97264134704682
3.44371479668767;2.682637932449455;153.32249127188487
3.4461587725998553;1.0646656354680195;60.95002536048118
3.4490066128875347;9.617710336760226;550.9532709685006
3.45134835202328;4.374059726492904;252.2850093498383
3.4537831074718692;1.22192434301058;70.6580652825074
3.456816432621716;3.095694748768542;179.14242597150806
3.4592366860415225;6.801074299755859;394.4901634271347
3.462161950017828;9.00440012715119;524.4413593643695
3.465048484382185;5.067543699968374;297.0914356866509
3.4674275400744183;0.12809424181008966;7.537156210716245
3.470435265611851;7.725111724697554;454.58569362753053
3.473225526016238;5.603447144254632;331.6512859128534
3.4762730748427244;6.554225687129154;389.4413350563299
3.4792915080808617;7.058505342358214;421.49913640159133
3.4818341710469736;2.799360946142575;167.96165676855452
3.4840823230270646;5.3139777180503565;317.89306314564186
3.4868408329928613;3.114877682490129;185.41083342286638
3.4893856448437623;1.8056012250167637;107.09231561518106
3.4920466915261485;11.195428047649632;662.7426149308633
3.494631684768366;9.521301044817196;556.6417669130151
3.497280247099763;10.337953985841315;598.1874717912954
3.4996455254441288;9.203162235427005;526.4493702610847
3.502052713355472;6.968659396206677;395.01331973108455
3.5043117146216978;2.71275492502963;152.69572909850027
3.5069114622982895;1.8412074296127243;103.3733784663536
3.5091536119863362;4.122787057025059;231.0095067817262
3.511382659539988;4.43248611572022;247.4060768090607
3.5138794394065678;8.936092975156189;496.72850317128973
3.5166598704902503;0.8752490965085507;48.199973238582
3.5196558618853926;9.855129304786644;542.1717193638192
3.522221213792576;0.3767788005810321;20.473164158716216
3.524887125464868;3.612073951925512;196.19150593843588
3.5273334278064006;8.95115671380363;484.2355973775624
3.5295737142238517;2.4437876278923345;130.9967103247094
3.532298967898373;1.3710177195896538;73.32434102574773
3.5349790080764505;0.935872885641724;49.974138952150994
3.537390088114878;0.22206401443263107;11.84547647650911
3.5398665545623786;3.1242050929386282;166.61610847890154
3.5423109398443597;3.5486485583918173;188.64188406324112
3.544817165939767;3.728929002453836;197.50893400061895
3.5472316887766637;6.366846013313874;335.91743370726186
3.550158885405858;10.405563180760781;545.4852634248799
3.552789972529852;5.607901363052913;290.2490188544684
3.5555440894972934;6.58330682502817;338.6384482731361
3.5580504266963358;5.5464490191704;283.1481893990413
3.5605511685060254;0.5867193992599515;29.77874418379689
3.5631821546095543;11.377257230412702;577.0958114647808
3.565607022228795;11.732445197236508;587.6898452819775
3.5681690189755506;1.0296493378136335;50.96477473393873
3.571162247354776;6.831112055041549;337.7493771691616
3.573688085459115;14.249024088651371;698.5096243621617
3.5765772616499816;3.5125440774975396;169.60825669907317
3.579041785146652;0.7528248298666637;36.197522099057
3.581563953678668;7.34379231217747;352.8331857903958
3.5840044867532557;4.750519932777023;226.47771010957422
3.5864043287720877;6.079697454465908;288.44514699242853
3.58920341660948;1.3895992742345806;65.52734683301999
3.5921148241143595;5.094327194349214;239.8365790643198
3.5947374911983347;5.069818535152927;237.2077065807551
3.597769237785227;6.825795849608342;317.59738125735845
3.600691245709984;3.4525952935166826;159.2605953506095
3.603220504216558;2.64150079555756;121.33440977673243
3.605885999752754;8.015988506858296;367.1805447437316
3.6082133790393423;1.8992104466113655;86.22077870793832
3.6108246655116947;6.15344108834684;278.8407879409882
3.6133461664709174;1.7661016990380667;79.49439559097627
3.615771081675424;13.444876238836182;604.0474083513166
3.6186849853569627;6.387517397435178;283.07806711168763
3.6212377741125223;1.9362764634234275;85.14522544130251
3.6241707104729475;13.549833841403208;594.6090735568704
3.626734297850512;6.8880016720033534;297.2619098769097
3.6293633978113653;1.7462195223778019;74.8062226913716
3.6319813800424456;7.482630594633788;319.934908963351
3.6343619927387154;3.9704984210282412;168.3809622020102
3.6374167376132687;8.53573030818001;360.5577467174763
3.6403923085039582;5.062294304086661;211.5131552297444
3.6433591079359715;1.6361639675627182;67.93325879475572
3.645833852933555;15.626308599993198;647.4895150336125
3.648357634012635;5.386071341461955;219.58045481120382
3.650824332566288;5.193853506140149;210.54479000064492
3.6531743980487756;3.865159375873636;155.84671417624767
3.6559814988416908;2.3937953591637147;96.15468604986623
3.6588782061514187;6.815777189074625;273.01163517483025
3.6616005573223087;5.958320158824909;236.70212638797793
3.664455357788872;5.481969927494218;216.30660756043807
3.6671940898516575;16.1533636480113;633.2203806396396
3.6700252581631134;17.855430691813687;687.0401145369602
3.6730686003321185;3.9394745501678714;148.39002555371974
3.6753511024916548;18.040001357173374;676.1266072426865
3.6778815760875556;0.5237620572718805;19.29344262636362
3.680246283053535;7.207691287152564;265.35786970171745
3.6825468425274246;4.155790096265654;151.91272921423754
3.6853430866435906;5.489514768212043;199.86696108149675
3.6881684423652685;17.30210827190733;625.9209336568873
3.690587839300498;10.746604580243838;380.8504061390364
3.6934747100779908;7.887668733206162;276.5038827070049
3.6961024555849273;11.65655844880656;404.74617508139255
3.698643499689471;3.926536024444738;134.59953250980837
3.7010300396467133;4.531058263927041;154.67650823391014
3.703999568092899;10.045914794981181;341.3917360784367
3.7067999082270573;2.580220689584837;86.59410413989444
3.7097109678531153;20.73176757318328;693.6786569259868
3.7127641308652484;12.387228859100192;404.05041091543836
3.7154839920615563;1.9346118043664837;62.10934210916339
3.7182776679113756;4.074545093682317;130.52359011978152
3.7207840369972427;16.489732873318783;525.725190791669
3.7234471532406377;10.423848812559527;326.6098895174887
3.7260781809294734;20.877511755552057;646.587584460622
3.728828401159965;14.557435987024263;440.5327599930691
